text,id,author,subreddit,link_id,parent_id,created_utc,rater_id,example_very_unclear,admiration,amusement,anger,annoyance,approval,caring,confusion,curiosity,desire,disappointment,disapproval,disgust,embarrassment,excitement,fear,gratitude,grief,joy,love,nervousness,optimism,pride,realization,relief,remorse,sadness,surprise,neutral;
That game hurt.,eew5j0j,Brdd9,nrl,t3_ajis4z,t1_eew18eq,1548381039.0,1,False,0,0,0,0,0,0,0,0,0,0,0,0,0,0,0,0,0,0,0,0,0,0,0,0,0,1,0,0;
" >sexuality shouldn’t be a grouping category It makes you different from othet ppl so imo it fits the definition of ""grouping"" ,eemcysk,TheGreen888,unpopularopinion,t3_ai4q37,t3_ai4q37,1548084169.0,37,True,0,0,0,0,0,0,0,0,0,0,0,0,0,0,0,0,0,0,0,0,0,0,0,0,0,0,0,0";
You do right, if you don't care then fuck 'em!,ed2mah1,Labalool,confessions,t3_abru74,t1_ed2m7g7,1546427744.0,37,False,0,0,0,0,0,0,0,0,0,0,0,0,0,0,0,0,0,0,0,0,0,0,0,0,0,0,0,1;
Man I love reddit.,eeibobj,MrsRobertshaw,facepalm,t3_ahulml,t3_ahulml,1547965054.0,18,False,0,0,0,0,0,0,0,0,0,0,0,0,0,0,0,0,0,0,1,0,0,0,0,0,0,0,0,0;
[NAME] was nowhere near them, he was by the Falcon. ,eda6yn6,American_Fascist713,starwarsspeculation,t3_ackt2f,t1_eda65q2,1546668601.0,2,False,0,0,0,0,0,0,0,0,0,0,0,0,0,0,0,0,0,0,0,0,0,0,0,0,0,0,0,1;
Right? Considering it’s such an important document, I should know the damned thing backwards and forwards... thanks again for the help!,eespn2i,ImperialBoss,TrueReddit,t3_aizyuz,t1_eesoak0,1548280208.0,61,False,0,0,0,0,0,0,0,0,0,0,0,0,0,0,0,1,0,0,0,0,0,0,0,0,0,0,0,0;
He isn't as big, but he's still quite popular. I've heard the same thing about his content. Never watched him much.,eczuekb,Rallings,cringe,t3_abeksv,t1_eczsmp8,1546320076.0,3,False,0,0,0,0,0,0,0,0,0,0,1,0,0,0,0,0,0,0,0,0,0,0,0,0,0,0,0,0;
That's crazy; I went to a super [RELIGION] high school and I think I can remember 2 girls the entire 4 years that became teen moms.,ed5tx8y,Beachy5313,TeenMomOGandTeenMom2,t3_ac10u9,t1_ed5tfyc,1546536158.0,23,False,0,1,0,0,0,0,0,0,0,0,0,0,0,0,0,0,0,0,0,0,0,0,0,0,0,0,0,0
that's adorable asf,ef961hv,RedRails1917,traaaaaaannnnnnnnnns,t3_akz2ia,t3_akz2ia,1548763543.0,73,False,0,1,0,0,0,0,0,0,0,0,0,0,0,0,0,0,0,0,0,0,0,0,0,0,0,0,0,0;
"""Sponge Blurb Pubs Quaw Haha GURR ha AAa!"" finale is too real,edl7cr3,Tiagulus,youtubehaiku,t3_acuvb0,t1_edc21ip,1546983514.0,54,False,0,1,0,0,0,0,0,0,0,0,0,0,0,0,0,0,0,0,0,0,0,0,0,0,0,0,0,0";
I have, and now that you mention it, I think that's what triggered my nostalgia. ,ed9w1hm,[deleted],AskMenOver30,t3_acm7f6,t1_ed9m2l0,1546658263.0,36,False,0,0,0,0,0,0,0,0,0,0,0,0,0,0,0,0,0,0,0,0,0,0,0,0,0,0,0,1;
I wanted to downvote this, but it's not your fault homie.,ee52cjs,SonOfSite,timberwolves,t3_ag8bzf,t1_ee4pwrk,1547579782.0,81,False,0,0,0,0,0,0,0,0,0,1,0,0,0,0,0,0,0,0,0,0,0,0,0,0,0,0,0,0;
BUT IT'S HER TURN! /s,ef7tl7i,Genesis2001,SandersForPresident,t3_akongy,t1_ef7d386,1548720019.0,17,False,0,0,0,0,0,0,0,0,0,0,0,0,0,0,0,0,0,0,0,0,0,0,0,0,0,0,0,1;
That is odd.,ee9vw9t,SoloTetherballChamp,jobs,t3_agy1as,t3_agy1as,1547735813.0,50,False,0,0,0,0,0,0,0,0,0,1,0,1,0,0,0,0,0,0,0,0,0,0,0,0,0,0,0,0;
Build a wall? /jk,edsqvyx,[deleted],AskMenOver30,t3_aeq3ep,t1_edsn1bd,1547207519.0,10,False,0,0,0,0,0,0,0,0,0,0,0,0,0,0,0,0,0,0,0,0,0,0,0,0,0,0,0,1;
I appreciate it, that's good to know. I hope I'll have to apply that knowledge one day,ed13jls,WhoSmokesThaBlunts,videos,t3_abfptb,t1_ed10aci,1546372020.0,73,False,1,0,0,0,0,0,0,0,0,0,0,0,0,0,0,1,0,0,0,0,0,0,0,0,0,0,0,0;
One time my 1 stopped right in 91st, I was able to get a good photo of the platform since they have some lights along it.,edhionw,enjineer30302,nyc,t3_adhle8,t1_edh6eak,1546881341.0,81,False,0,0,0,0,0,0,0,0,0,0,0,0,0,0,0,0,0,0,0,0,0,0,0,0,0,0,0,1;
Well then I’d say you have a pretty good chance if it’s any girl lol,edkezap,Locket_in_my_pocket,IncelsWithoutHate,t3_ad0xew,t1_edctzd8,1546963336.0,16,False,0,0,0,0,0,0,0,0,0,0,0,0,0,0,0,0,0,0,0,0,0,0,1,0,0,0,0,0;
Pretty much every Punjabi dude I've met.,ed86cjz,NotGucci,ABCDesis,t3_aceyuo,t3_aceyuo,1546613433.0,3,False,1,0,0,0,0,0,0,0,0,0,0,0,0,0,0,0,0,0,0,0,0,0,0,0,0,0,0,0;
For extra measure tape it right by your crotch so she can't take it for sexual assault reasons,ed9b88y,Draconis_Firesworn,entitledparents,t3_acitar,t1_ed8yowz,1546640880.0,29,False,0,0,0,1,0,0,0,0,0,0,0,0,0,0,0,0,0,0,0,0,0,0,0,0,0,0,0,0;
This video doesn't even show the shoes he was wearing...,edf75do,JuicyEmmental,Boxing,t3_ada6cy,t1_edf4fih,1546813152.0,24,False,0,0,0,0,0,0,0,0,0,0,0,0,0,0,0,0,0,0,0,0,0,0,0,0,0,0,0,1;
What does Clemson give pride stickers for? Snaps played?,edj0qlw,Grimaceapprentice21,CFB,t3_ado3q4,t3_ado3q4,1546911968.0,4,False,0,0,0,0,0,0,1,0,0,0,0,0,0,0,0,0,0,0,0,0,0,0,0,0,0,0,0,0;
"""You may die, but it's a sacrifice I'm willing to make"",eexfd75,nuka_,facepalm,t3_ajp2ms,t3_ajp2ms,1548425565.0,61,False,0,0,0,0,0,0,0,0,0,0,0,0,0,0,0,0,0,0,0,0,1,0,0,0,0,0,0,0";
Now I'm wondering on what I've been missing out. Again thank you for this.,ed8fx5a,JonJonRegayov,morbidquestions,t3_ac4kyj,t1_ed8a14x,1546619791.0,5,False,0,0,0,0,0,0,0,1,0,0,0,0,0,0,0,1,0,0,0,0,0,0,0,0,0,0,0,0;
this definitely fits in r/BoneAppleTea.,ee9jw7b,sparkthelynx,KidsAreFuckingStupid,t3_ad9tju,t3_ad9tju,1547722780.0,67,False,0,0,0,0,0,0,0,0,0,0,0,0,0,0,0,0,0,0,0,0,0,0,0,0,0,0,0,1;
"""Seeeee! We have one of them coloureds too!"",eeb52e6,Sanitybug,TopMindsOfReddit,t3_agz1gf,t3_agz1gf,1547765322.0,37,False,0,0,0,0,0,0,0,0,0,0,0,0,0,1,0,0,0,0,0,0,0,0,0,0,0,0,0,0";
RemindMe! 3 months,edw0ceq,Rob-With-One-B,badunitedkingdom,t3_af660k,t1_edw04b9,1547295633.0,67,False,0,0,0,0,0,0,0,0,0,0,0,0,0,0,0,0,0,0,0,0,0,0,0,0,0,0,0,1;
Yup, not anymore. Keep your blood sugar up! It really helps and DRINK water...,ee64ows,atomicchuckle,Teachers,t3_ag2a2t,t1_ee3dehp,1547608363.0,60,False,0,0,0,0,0,1,0,0,0,0,0,0,0,0,0,0,0,0,0,0,0,0,0,0,0,0,0,0;
Lots, play store or apple store vpn. Nord is good,edli9sc,RangoFandang,MorbidReality,t3_adz4wg,t1_edlhyh4,1546991664.0,51,False,1,0,0,0,0,0,0,0,0,0,0,0,0,0,0,0,0,0,0,0,0,0,0,0,0,0,0,0;
So happy for [NAME]. So sad he's not here. Imagine this team with [NAME] instead of [NAME]. Ugh.,ee9zjio,YROK1986,DetroitPistons,t3_agty5q,t3_agty5q,1547738583.0,15,False,0,0,0,0,0,0,0,0,0,0,0,1,0,0,0,0,0,1,0,0,0,0,0,0,0,1,0,0;
but it's [NAME] saying it so sorta disappointing,eda23xf,autobahn,texas,t3_acnl3j,t3_acnl3j,1546663907.0,35,False,0,0,0,0,0,0,0,0,0,0,0,0,0,0,0,0,0,0,0,0,0,0,0,0,0,0,0,1;
Something Something Something, space of aids,edptmv5,negative_dude,cringe,t3_ae8vgy,t1_ednsm9x,1547135026.0,19,False,0,0,0,0,0,0,0,0,0,0,0,0,0,0,0,0,0,0,0,0,0,0,0,0,0,0,0,1;
Dark and funny, but not really nice guy. He has yet to call the dead girls whores for declining to sleep with him. ,eerqrp7,porky2468,lostredditors,t3_aiy09d,t3_aiy09d,1548256627.0,61,False,0,0,0,0,0,0,0,0,0,1,0,1,0,0,0,0,0,0,0,0,0,0,0,0,0,0,0,0;
I've probably put a couple hundred miles on my space saver tire. It's still on there right now.,eeodlb2,DicedPeppers,IdiotsInCars,t3_aihdsb,t1_eentqm0,1548140577.0,6,False,0,0,0,0,0,0,0,0,0,0,0,0,0,0,0,0,0,0,0,0,0,0,0,0,0,0,0,1;
I’m glad he’s okay but I’m even gladder it’s not that same gif of the guy ski/parachuting down a mountain,ed9gnqk,ShadycrossFade,nonononoyes,t3_ackwpa,t3_ackwpa,1546645164.0,46,False,0,0,0,0,0,0,0,0,0,0,0,0,0,0,0,1,0,0,0,0,0,0,0,0,0,0,0,0;
nice!! I'll try this one,edk0nru,travellingsaleslady,AskWomen,t3_adsxxn,t1_edjxz8r,1546949925.0,23,False,1,0,0,0,0,0,0,0,0,0,0,0,0,0,0,0,0,0,0,0,0,0,0,0,0,0,0,0;
"I can't stand [NAME]. Especially since her ""tatooing my own face"" video. ,ed1ag17,trowellslut,BeautyGuruChatter,t3_ablo6e,t3_ablo6e,1546376660.0,70,False,0,0,0,0,0,0,0,0,0,0,1,0,0,0,0,0,0,0,0,0,0,0,0,0,0,0,0,0";
I just came home, what the fuck is this lineup? I love you [NAME] you mad bastard !!!,eesj5ib,--Kaiser--,Barca,t3_aj3ltd,t3_aj3ltd,1548275850.0,23,False,0,0,0,0,0,0,0,0,0,0,0,0,0,0,0,0,0,0,1,0,0,0,0,0,0,0,0,0;
Go troll elsewhere. This woman needs support, not crass questions.,ef73maf,quixoticmelody,dating,t3_akkskm,t1_ef6l3mo,1548703884.0,4,False,0,0,0,1,0,0,0,0,0,0,0,0,0,0,0,0,0,0,0,0,0,0,0,0,0,0,0,0;
Just rumors online, it most likely won't happen,efdvxbg,shadow_spinner0,SquaredCircle,t3_al87uo,t1_efdsuvl,1548878842.0,16,False,0,0,0,1,0,0,0,0,0,0,0,0,0,0,0,0,0,0,0,0,0,0,0,0,0,0,0,0;
Na. Rediting my post. Sorry for the ignorance.,ef4lp09,savagesmasher,heroesofthestorm,t3_aket6i,t1_ef4kj0i,1548627359.0,55,False,0,0,0,0,0,0,0,0,0,0,0,0,0,0,0,0,0,0,0,0,0,0,0,0,1,0,0,0;
Because the content creators don't deserve to be paid, your seconds spent listening to ads are too valuable!,ef0tnl6,ChaplainRock,LifeProTips,t3_ak11o1,t3_ak11o1,1548519627.0,7,False,0,0,0,0,0,0,1,1,0,0,0,0,0,0,0,0,0,0,0,0,0,0,0,0,0,0,0,0;
Pity. I had some decent lunches there, but never went there at night.,ee04wu6,The_Inflicted,nashville,t3_afncxn,t3_afncxn,1547413642.0,16,False,0,0,0,0,0,0,0,0,0,0,0,0,0,0,0,0,0,0,0,0,0,0,0,0,1,0,0,0;
By far the coolest thing I've seen on this thread yet,edm3k6w,W8nd3rW8man,popping,t3_ads2ve,t3_ads2ve,1547009323.0,78,False,0,0,0,0,0,0,0,0,0,0,0,0,0,0,0,0,0,1,0,0,0,0,0,0,0,0,0,0;
What evidence at all shows that [NAME] was an accomplice?,ee6lcw2,jrr6415sun,MakingaMurderer,t3_aghd1k,t1_ee6g8ht,1547627228.0,25,False,0,0,0,0,0,0,0,0,0,0,0,0,0,0,0,0,0,0,0,0,0,0,0,0,0,0,0,1;
>not a cure-all. Since we don't have such a thing, is this not the next best option?,eecpk36,malicart,science,t3_ah99kv,t1_eecir22,1547818325.0,5,False,0,0,0,0,0,0,1,0,0,0,0,0,0,0,0,0,0,0,0,0,0,0,0,0,0,0,0,0;
If there’s a pattern, yes.,ed58r0k,kbecks06,ukpolitics,t3_ac3lc1,t1_ed51fzn,1546518348.0,37,False,0,0,0,0,1,0,0,0,0,0,0,0,0,0,0,0,0,0,0,0,0,0,0,0,0,0,0,0;
If [NAME] has similar role to end year then no way am I taking those over him ...especially Sony,edo1hi2,noobiepoobie,fantasyfootball,t3_aeaikj,t1_ednqu7c,1547072036.0,52,False,0,0,0,0,0,0,0,0,0,0,0,0,0,0,0,0,0,0,0,0,0,0,0,0,0,0,0,1;
Oh whoops, I misread the original comment,ed4vaif,pierifle,leagueoflegends,t3_ac1pk8,t1_ed4v7pn,1546497814.0,42,False,0,0,0,0,0,0,1,0,0,0,0,0,0,0,0,0,0,0,0,0,0,0,1,0,0,0,0,0;
Sending love and strength vibes <3,ee5ede3,bombay2beijing,NarcissisticAbuse,t3_aga3mi,t1_ee5e6em,1547588013.0,4,False,0,0,0,0,0,0,0,0,0,0,0,0,0,0,0,0,0,1,0,0,1,0,0,0,0,0,0,0;
She’s like a kewpie doll with them. Precious.,eewq46z,Queeniemeanie,rupaulsdragrace,t3_ajlms7,t1_eewnb8p,1548400153.0,23,False,1,0,0,0,0,0,0,0,0,0,0,0,0,0,0,0,0,0,0,0,0,0,0,0,0,0,0,0;
Not knowing what it is, for one thing.,ef3u2gf,Kill_Welly,AskMen,t3_akd49i,t3_akd49i,1548604317.0,78,False,0,0,0,0,0,0,1,0,0,0,0,0,0,0,0,0,0,0,0,0,0,0,0,0,0,0,0,0;
Thanks for the info mate gonna watch out next time,eezx2qo,burgersk,SelfAwarewolves,t3_ajx79g,t1_eezwsnp,1548486933.0,35,False,0,0,0,0,0,0,0,0,0,0,0,0,0,0,0,1,0,0,0,0,0,0,0,0,0,0,0,0;
[NAME] is cheaper too. If we would have kept [NAME] we would have had to extend him to over $4mil.,ed2yxih,dawn_of_thyme,sabres,t3_abqlkn,t1_ed2tgan,1546443388.0,33,False,0,0,0,0,0,0,0,0,0,0,0,0,0,0,0,0,0,0,0,0,0,0,0,0,0,0,0,1;
Honestly at this point I don't think there's anything that will make me feel better. Maybe down the road, but right now nothing is helping. ,ee1pf1o,GwenHarris,SuicideWatch,t3_aezjur,t1_edufjmd,1547474731.0,42,False,0,0,0,0,0,0,0,0,0,1,0,0,0,0,0,0,0,0,0,1,0,0,1,0,0,0,0,0;
There has to be some repercussions for this judge, right? Considering the crimes, that bail seems incredibly low...,effsj1p,momlostinfuzz,nottheonion,t3_alp72p,t3_alp72p,1548941622.0,74,False,0,0,0,0,0,0,0,0,0,0,1,0,0,0,0,0,0,0,0,0,0,0,0,0,0,0,0,0;
Good old guardian refusing to accept that [NAME] is stauncly anti-EU and anti-Brussels,ed2kjxz,Veldron,brexit,t3_abo825,t3_abo825,1546424554.0,60,False,0,0,0,1,0,0,0,0,0,0,0,0,0,0,0,0,0,0,0,0,0,0,0,0,0,0,0,0;
I don’t even try to make shots like this myself. So I gotta watch other people make them.,ee1vqbb,FrogInACrockPot,Blackops4,t3_afw2zx,t3_afw2zx,1547480311.0,19,False,0,0,0,0,0,0,0,0,0,0,0,0,1,0,0,0,0,0,0,0,0,0,0,0,0,0,0,0;
Me too! First time in a couple of years!,ef1jner,Percivalsmithers,WhitePeopleTwitter,t3_ak2wza,t1_ef1h5og,1548536551.0,60,False,0,0,0,0,0,0,0,0,0,0,0,0,0,0,0,0,0,1,0,0,0,0,0,0,0,0,0,0;
Gotta protect’em!,ed7dq81,Mvm321,AnimalsBeingBros,t3_ac7u03,t3_ac7u03,1546579224.0,34,False,0,0,0,0,0,1,0,0,0,0,0,0,0,0,0,0,0,0,0,0,0,0,0,0,0,0,0,0;
Ironic. He could save others from secrecy-enabled corruption, but not himself.,edh5b7z,SilasX,nottheonion,t3_adhn3p,t3_adhn3p,1546873507.0,15,False,0,0,0,0,0,0,0,0,0,0,0,0,0,0,0,0,0,0,0,0,0,0,0,0,0,0,1,0;
This guy is basically the referee in parliament and your right to like him. As for the rest in there thats questionable,ee55lt0,Fallout4Addict,ukpolitics,t3_agche6,t3_agche6,1547582008.0,26,False,0,0,0,0,0,0,0,0,0,0,0,0,0,0,0,0,0,0,0,0,0,0,0,0,0,0,0,1;
Oi us cancers don’t want him either! We respectfully pass his birthday to April,ee0ai3t,schwiftypants39,Justfuckmyshitup,t3_afgkgb,t1_edzkirq,1547417636.0,22,True,0,0,0,0,0,0,0,0,0,0,0,0,0,0,0,0,0,0,0,0,0,0,0,0,0,0,0,0;
"""Oh, how DARE you discuss the disgustingly unhealthy and dangerous lifestyle I pursue!"" /s,edlktcs,KaiDoesStuff,fatlogic,t3_adv2qv,t1_edlh71o,1546993751.0,18,False,0,0,1,0,0,0,0,1,0,0,0,1,0,0,0,0,0,0,0,0,0,0,0,0,0,0,0,0";
Which totally makes it less funny for a person like me who has never seen this before, and laughed. ,edoch06,Cleverusername531,WhitePeopleTwitter,t3_aed1x4,t1_edob1oa,1547080603.0,23,False,0,0,0,0,0,0,0,0,0,0,0,0,0,0,0,0,0,1,0,0,0,0,0,0,0,0,0,0;
Thanks, it was no effort at all.,ed80lzq,brtt3000,bestof,t3_acbf3w,t1_ed80je6,1546608251.0,81,False,0,0,0,0,0,0,0,0,0,0,0,0,0,0,0,1,0,0,0,0,0,0,0,0,0,0,0,0;
Damn. That’s profound. Did you graduate from Harvard?,edz3cr7,Mahgugu,gatekeeping,t3_afi1u4,t1_edz24nn,1547388682.0,55,False,0,0,0,0,0,0,0,1,0,0,0,0,0,0,0,0,0,0,0,0,0,0,0,0,0,0,0,0;
Nice. I'll look around for it. Thanks!,edn6f3e,Feline_Father,Christianity,t3_ae7rln,t1_edn67eu,1547051591.0,15,False,1,0,0,0,0,0,0,0,0,0,0,0,0,0,0,1,0,0,0,0,0,0,0,0,0,0,0,0;
Press fucken charges the moment they use your info.,eenwezk,Auditor-G80GZT,raisedbynarcissists,t3_aif15k,t1_eenod05,1548124253.0,70,False,0,0,1,0,0,0,0,0,0,0,1,0,0,0,0,0,0,0,0,0,0,0,0,0,0,0,0,0;
I love this woman.,eda5hak,NeatWithATwist,PoliticalHumor,t3_acmbxs,t3_acmbxs,1546667245.0,55,False,0,0,0,0,0,0,0,0,0,0,0,0,0,0,0,0,0,0,1,0,0,0,0,0,0,0,0,0;
Do you not give your snowmen brooms? I feel like that's a thing people do,edifef4,_-bread-_,ExpectationVsReality,t3_adh45u,t1_edgsqnt,1546898469.0,61,False,0,0,0,1,0,0,0,0,0,0,0,0,0,0,0,0,0,0,0,0,0,0,0,0,0,0,0,0;
The service made it 20 years ago (1999, yeah ikr 1999 was 20 YEARS AGO?) ,ed5gkhe,NOT_the_MI6,facepalm,t3_ac4h8w,t1_ed5ga0d,1546525988.0,37,False,0,0,0,0,0,0,0,1,0,0,0,0,0,0,0,0,0,0,0,0,0,0,0,0,0,0,0,0;
I loved how [NAME] feels like everyone in the office is her family. Her relationship with [NAME] is so cute and innocent,edgaypf,lawrence11123,DunderMifflin,t3_adecfo,t3_adecfo,1546841337.0,4,False,1,0,0,0,0,0,0,0,0,0,0,0,0,0,0,0,0,0,0,0,0,0,0,0,0,0,0,0;
Then I’m sorry but this game really isn’t for you. Progression like that would ruin the base of what this game is.,ees0ud4,SpecialUnitt,Seaofthieves,t3_airx2u,t1_eerdyj4,1548263696.0,27,False,0,0,0,0,0,0,0,0,0,0,0,0,0,0,0,0,0,0,0,0,0,0,0,0,1,0,0,0;
Who exactly are their ‘volunteers’? The IRA?,eepej91,TrooperNI,northernireland,t3_aihkt2,t1_eepefpl,1548178974.0,51,False,0,0,0,0,0,0,0,1,0,0,0,0,0,0,0,0,0,0,0,0,0,0,0,0,0,0,0,0;
Am I the only INTP here who cared about deadlines. It's how I got so good at crunch time and working last minute.,edulkmv,playr_4,INTP,t3_aexecv,t3_aexecv,1547249167.0,11,False,0,0,0,0,0,0,1,0,0,0,0,0,1,0,0,0,0,0,0,0,0,0,0,0,0,0,0,0;
You should dm her and say I'm sorry,ee5k10q,Duckdummyz,IncelsWithoutHate,t3_agclzb,t1_ee5jve7,1547592140.0,4,False,0,0,0,0,0,0,0,0,0,0,0,0,0,0,0,0,0,0,0,0,0,0,0,0,0,0,0,1;
>Did you just call me a liar? Sick reference.,edzy36r,Bryaxis,videos,t3_af88xd,t3_af88xd,1547409669.0,17,False,0,0,0,0,0,0,0,0,0,0,1,0,0,0,0,0,0,0,0,0,0,0,0,0,0,0,0,0;
Shut up 15 year-old,ef029jq,Michael_Perth_50,self,t3_ajywb3,t1_ef0265m,1548493175.0,4,False,0,0,1,0,0,0,0,0,0,0,0,0,0,0,0,0,0,0,0,0,0,0,0,0,0,0,0,0;
It doesn't matter. You can pick someone with the #1 Pick that will never be any good...,ee3yul8,Doncic77,Mavericks,t3_ag3f7j,t1_ee3mcqr,1547544293.0,19,False,0,0,0,0,0,0,0,0,0,0,1,0,0,0,0,0,0,0,0,0,0,0,0,0,0,0,0,0;
I feel this. For me since I’m using those gamethreads to let out frustration but realistically I know we need to keep patient in this re-rebuild,edlsovm,Shams_wojnarowski,OrlandoMagic,t3_adts41,t1_edkobie,1547000168.0,26,False,0,0,0,0,0,0,0,0,0,0,0,0,0,0,0,0,0,0,0,0,0,0,0,0,0,0,0,1;
I just got a shirt made that says “I can’t have kids my dog is allergic”,ee836nq,emeraldpeach,childfree,t3_ago34c,t3_ago34c,1547674344.0,77,False,0,1,0,0,0,0,0,0,0,0,0,0,0,0,0,0,0,0,0,0,0,0,0,0,0,0,0,0;
I thought it was very good. The guy was one sick bastard that’s for sure.,eex74rj,seriously_icky,Documentaries,t3_aj546r,t1_eewo6l4,1548420173.0,4,False,1,0,1,0,0,0,0,0,0,0,0,0,0,0,0,0,0,0,0,0,0,0,0,0,0,0,0,0;
This is kinda cute,ed7oedr,ahappyasian,im14andthisisdeep,t3_acg5kd,t3_acg5kd,1546590228.0,2,False,0,0,0,0,0,0,0,0,0,0,0,0,0,0,0,0,0,0,1,0,0,0,0,0,0,0,0,0;
10 life hacks you didn't know you needed in your life,ef9puji,MountainCorsair,nonononoyes,t3_al19u6,t3_al19u6,1548777328.0,55,False,0,0,0,0,0,0,0,0,0,0,0,0,0,0,0,0,0,0,0,0,0,0,0,0,0,0,0,1;
Best side quest ever!,eevt2yy,Brrringsaythealiens,truegaming,t3_ajejud,t1_eevoby1,1548371963.0,61,False,1,0,0,0,0,0,0,0,0,0,0,0,0,0,0,0,0,0,0,0,0,0,0,0,0,0,0,0;
Calm down.,edjloje,dbw37,TalesFromYourServer,t3_adksuj,t1_edjkx52,1546927966.0,62,False,0,0,0,1,0,0,0,0,0,0,0,0,0,0,0,0,0,0,0,0,0,0,0,0,0,0,0,0;
I wanted to know if there’s was another like meaning to the whole selfie thing not if she liked me or not,edb267t,ZeroDeadlySin,askwomenadvice,t3_act36a,t1_edasm45,1546704741.0,81,False,0,0,0,0,0,0,0,1,0,0,0,0,0,0,0,0,0,0,0,0,0,0,0,0,0,0,0,0;
You're both wrong NBA is an initialism, can't be pronounced as a word. Oh man I love reddit,ef93ffh,Moneywalks13,sports,t3_akofua,t1_ef6u12l,1548760096.0,51,False,0,0,0,0,0,0,0,0,0,0,1,0,0,0,0,0,0,0,1,0,0,0,0,0,0,0,0,0;
That's why it's only 20$,eex6fko,sligogligo,delusionalartists,t3_ajmy2y,t1_eewstjd,1548419663.0,36,False,0,0,0,0,0,0,0,0,0,0,0,0,0,0,0,0,0,0,0,0,0,0,0,0,0,0,0,1;
Just wait. Wait for the false promise. Wait for the mandatory prompts. Wait for the empty gestures.,ed22sur,Spartan775,ABoringDystopia,t3_abcnlt,t1_ed0luwn,1546400471.0,23,False,0,0,0,0,0,0,0,0,0,0,0,0,0,0,0,0,0,0,0,0,0,0,0,0,0,0,0,1;
Started feeling smug about my short showers but then remembered just how small my water heater is.,ee3ipn9,darg1234,WhitePeopleTwitter,t3_ag1qg5,t3_ag1qg5,1547524269.0,7,False,0,0,0,0,0,0,0,0,0,0,0,0,0,0,0,0,0,0,0,0,1,0,0,0,0,0,0,0;
I didn't like the family ending but I liked the Atlantis ending especially as we know we are going to see more of it in DLC2.,ee6mb6z,[deleted],assassinscreed,t3_agboi2,t1_ee6m488,1547628831.0,56,False,0,0,0,0,1,0,0,0,0,0,0,0,0,0,0,0,0,0,0,0,0,0,0,0,0,0,0,0;
Agree. Keep trying, then if your rejected every time. I'm sorry your done.,ef54dn8,Justlost57,DeadBedrooms,t3_akdou4,t1_ef4lh0r,1548641227.0,24,False,0,0,0,0,0,0,0,0,0,0,0,0,0,0,0,1,0,0,0,0,0,0,0,0,0,0,0,0;
Is he dead now from a tragic drowning accident? Asking for a friend.,eehp16n,IamAngelaVickers,fatlogic,t3_ahpapc,t1_eehgzzm,1547948097.0,1,False,0,0,0,0,0,0,0,0,0,0,0,0,0,0,0,0,1,0,0,0,0,0,0,0,0,0,0,0;
What? The claim is 2018 best shooters. Not overall best shooters,edo5n5f,What_A_Smurf,Blackops4,t3_aebbiv,t1_edo4j6s,1547075113.0,61,False,0,0,0,0,0,0,0,1,0,0,0,0,0,0,0,0,0,0,0,0,0,0,0,0,0,0,0,0;
That's professor [NAME] to you, savage!,eejfjoa,DrelltheUnclean,TIHI,t3_ahuxe8,t1_eejfhn0,1547999061.0,41,False,0,0,0,0,0,0,0,0,0,0,1,0,0,0,0,0,0,0,0,0,0,0,0,0,0,0,0,0;
Let go or you will be dragged,eeqi8r7,scotty61990,dating_advice,t3_aiu6i3,t3_aiu6i3,1548207116.0,36,False,0,0,0,0,0,1,0,0,0,0,0,0,0,0,0,0,0,0,0,0,0,0,0,0,0,0,0,0;
No we're getting Kinsler and be happy with it,eczowjx,dualme,Padres,t3_abehvh,t1_eczoc0l,1546313965.0,37,False,0,0,0,0,0,1,0,0,0,0,0,0,0,0,0,0,0,1,0,0,0,0,0,0,0,0,0,0;
Of course he will lie cheat and steal to make him self relevant to the public. Horrible person.,edoa8hc,jailguard81,facepalm,t3_aea6mz,t3_aea6mz,1547078767.0,2,False,0,0,0,0,0,0,0,0,0,0,0,0,1,0,0,0,0,0,0,0,0,0,0,0,0,0,0,0;
She wants to connect, alright. With your wallet.,ed74czc,Schmidt_Head,antiMLM,t3_accwv7,t3_accwv7,1546570719.0,24,False,0,0,0,0,0,0,0,0,0,0,0,0,0,0,0,0,0,0,0,0,0,0,0,0,0,0,0,1;
That's if you make the smallest payments possible, but if you just need to float a payment, then they will work. ,eelle2t,interstate-15,ChoosingBeggars,t3_ai6pzm,t1_eellb6v,1548048762.0,61,False,0,0,0,0,0,0,0,0,0,0,0,0,0,0,0,0,0,0,0,0,1,0,0,0,0,0,0,0;
Nice! You and her would get along i bet. She loves her crafty machines and creative people. 😇,ee3ckgv,voldta,The_Mueller,t3_ag31lp,t1_ee3c8a9,1547519282.0,41,False,0,0,0,0,0,0,0,0,0,0,0,0,0,0,0,0,0,0,0,0,0,0,0,0,0,0,0,1;
"[NAME] to [NAME]: ""Don't try and tell me how to defend"",efdj121,rapidjb,Gunners,t3_aleyw3,t1_efdg0r9,1548870886.0,10,False,0,0,0,0,0,0,0,0,0,0,0,0,0,0,0,0,0,0,0,0,0,0,0,0,0,0,0,1";
Be ready to Experience Canes Hockey,efb2qpp,justinuno12365,canes,t3_al4m2e,t3_al4m2e,1548804236.0,38,False,0,0,0,0,0,0,0,0,0,0,0,0,0,1,0,0,0,0,0,0,0,0,0,0,0,0,0,0;
I mean that’s a stupid rule that creates an echo chamber, but I don’t see how that belongs here.,ed7j682,frostyfeathered,SelfAwarewolves,t3_acfdv1,t3_acfdv1,1546584413.0,35,False,0,0,0,1,0,0,0,0,0,0,0,0,0,0,0,0,0,0,0,0,0,0,0,0,0,0,0,0;
shockingly close to reality.,edenhhr,GreyCatOrangeBeard,thatHappened,t3_ad3zax,t1_eddg30q,1546802533.0,26,False,0,0,0,0,0,0,0,0,0,0,0,0,0,0,0,0,0,0,0,0,0,0,0,0,0,0,1,0;
My fans on patreon will be rewarded soon,ef8s6ku,[deleted],nrl,t3_akwycz,t1_ef8pvmo,1548746680.0,33,False,0,0,0,0,0,0,0,0,0,0,0,0,0,0,0,0,0,0,0,0,0,0,0,0,0,0,0,1;
Hypocritical is pot calling the kettle genocide,ed2y7ow,theteramon,CapitalismVSocialism,t3_abnxun,t1_ed2y0pj,1546442760.0,74,False,0,0,0,0,0,0,0,0,0,0,0,1,0,0,0,0,0,0,0,0,0,0,0,0,0,0,0,0;
I love that smile of his!!!!,ee16q3k,TheOGlizardnador,Dodgers,t3_afsruv,t1_ee16dm1,1547446417.0,12,False,1,0,0,0,0,0,0,0,0,0,0,0,0,0,0,0,0,0,0,0,0,0,0,0,0,0,0,0;
Political affiliations has only little correlation to individual intellectual ability,edm88de,Ccstriker77,worldpolitics,t3_ae3wpx,t3_ae3wpx,1547014404.0,3,False,0,0,0,0,1,0,0,0,0,0,0,0,0,0,0,0,0,0,0,0,0,0,0,0,0,0,0,0;
That's just....sorry, but stupid is the only correct word.,eepawzc,Brains4Beauty,antiMLM,t3_aioqe1,t3_aioqe1,1548176436.0,24,False,0,0,0,0,0,0,0,0,0,0,0,0,0,0,0,1,0,0,0,0,0,0,0,0,0,0,0,0;
Omg lala a housewife I can’t even imagine!,eeljtyr,ariessunariesmoon,vanderpumprules,t3_ai4m9s,t1_eeliyxs,1548047083.0,70,False,0,0,0,0,0,0,0,0,0,0,0,0,0,0,0,0,0,0,0,0,0,0,0,0,0,0,1,0;
Love that car,ed1dg8n,GrimResistance,todayilearned,t3_abkqpw,t1_ed122b0,1546378883.0,5,False,0,0,0,0,0,0,0,0,0,0,0,0,0,0,0,0,0,0,1,0,0,0,0,0,0,0,0,0;
Great for him to admit it. Not many people are that humble,edk0k2j,AlphaFoxtrot2001,chelseafc,t3_adtmml,t3_adtmml,1546949788.0,6,False,0,0,0,0,0,0,0,0,0,0,0,0,0,0,0,0,0,0,0,0,1,0,0,0,0,0,0,0;
What does your statement even mean? It's a game set in WW2, not the war itself.,edh9bsl,lonesome_loner,Battlefield,t3_adgsfe,t1_edh6nlv,1546876060.0,55,False,0,0,0,0,0,0,0,0,0,0,0,0,0,0,0,0,0,0,0,0,0,0,0,0,0,0,0,1;
You okay?,edr3jdl,ImperfectExWife,SuicideWatch,t3_aemtq3,t3_aemtq3,1547159517.0,46,False,0,0,0,0,0,0,0,0,0,0,0,0,0,0,0,0,0,0,0,0,0,0,0,0,0,0,0,1;
Looks like a classic subluxation; that guy needs to get to the chiropractor!,ed7ukvg,yuumai,HadToHurt,t3_ace5vt,t1_ed7hzxh,1546599790.0,42,False,1,0,0,0,1,0,0,0,0,0,0,0,0,0,0,0,0,0,0,0,0,0,0,0,0,0,0,0
[NAME] has always favoured [NAME] so I'd assume this means he's the next up, I just prefer [NAME] and find [NAME] a little overrated.,ef2t7v5,Lord_Galactus1,AFL,t3_ak7989,t1_ef2n932,1548570295.0,4,False,0,0,0,1,0,0,0,0,0,0,1,0,0,0,0,0,0,0,0,0,0,0,0,0,0,0,0,0;
It’s the format. It’s like one of those bad [NAME] memes,eek6uzl,LemonStains,4PanelCringe,t3_ahz9b6,t1_eejmc6h,1548014000.0,19,False,0,0,0,0,0,0,0,0,0,0,1,0,0,0,0,0,0,0,0,0,0,0,0,0,0,0,0,0;
Yes, at home recuperating from a fractured ankle. ,ef9fyys,cty_hntr,IdiotsInCars,t3_akqgjp,t1_ef8qxyl,1548771296.0,38,False,0,0,0,1,0,0,0,0,0,0,0,0,0,0,0,0,0,0,0,0,0,0,0,0,0,0,0,0;
Talks of contributing proportionately, wants progressive taxes. Talks of reasonable wants and needs because that’s a slippery term. ,edfpmva,jdkeith,Shitstatistssay,t3_ackkf8,t3_ackkf8,1546824511.0,24,False,0,0,0,0,0,0,0,0,0,0,0,0,0,0,0,0,0,0,0,0,0,0,0,0,0,0,0,1;
Thank you for being willing to learn,ed1gxcf,J_____-,sadcringe,t3_abm9na,t1_ed1gu3w,1546381658.0,37,False,0,0,0,0,1,0,0,0,0,0,0,0,0,0,0,1,0,0,0,0,0,0,0,0,0,0,0,0;
You should eat real cake today too!,edv6zg7,aubreyrg,self,t3_af2cb2,t3_af2cb2,1547265551.0,50,False,0,0,0,0,0,0,0,0,0,0,0,0,0,0,0,0,0,0,0,0,0,0,0,0,0,0,0,1;
It's also had derogatory meaning for nearly 400 years. people with any common sense or taste will generally choose *any* other word.,eczjfy0,Alien_Way,TrueReddit,t3_aayk25,t1_eczgkzj,1546308384.0,30,False,0,0,0,0,0,0,0,0,0,0,0,0,0,0,0,0,0,0,0,0,0,0,0,0,0,0,0,1;
You are correct. But sometimes you might have a plan or you have to improvise. I’m glad it worked.,eec3kfa,zer0card,nonononoyes,t3_ah6ry2,t1_eec15h2,1547792822.0,52,False,0,0,0,0,0,0,0,0,0,0,0,0,0,0,0,1,0,0,0,0,0,0,0,0,0,0,0,0;
"[NAME]: ""She seems useless"",eeojcvk,Ramza_45,shieldbro,t3_aikgp8,t3_aikgp8,1548149869.0,72,False,0,0,0,0,0,0,0,0,0,0,0,0,0,0,0,0,0,0,0,0,0,0,0,0,0,0,0,1";
Can you link the apologies? Or do they not actually exist?,ed93o2e,muttonwow,gay_irl,t3_acil58,t1_ed923o0,1546635340.0,57,False,0,0,0,0,0,0,0,1,0,0,0,0,0,0,0,0,0,0,0,0,0,0,0,0,0,0,0,0;
"Now you ruined the surprise!"",ef4abkg,BrogerBramjet,TalesFromRetail,t3_aka1z2,t3_aka1z2,1548616513.0,33,False,0,0,0,0,0,0,0,0,0,0,0,0,0,0,0,0,0,0,0,0,0,0,0,0,0,0,0,1";
*and, sorry for the spelling mistake,ef3uwi8,Faiswusuf,islam,t3_akd89o,t3_akd89o,1548604900.0,10,False,0,0,0,0,0,0,0,0,0,0,0,0,0,0,0,0,0,0,0,0,0,0,0,0,1,0,0,0;
Think you mean this Labour MP,eekd227,Calldean,Scotland,t3_ahdmt5,t1_eefnkpo,1548017514.0,77,False,0,0,0,0,0,0,0,0,0,0,0,0,0,0,0,0,0,0,0,0,0,0,0,0,0,0,0,1;
How many kids do you see? xıs :ɹǝʍsuɐ,ee6f3ip,paputsza,muacirclejerk,t3_agdm6x,t3_agdm6x,1547618279.0,2,False,0,0,0,0,0,0,0,1,0,0,0,0,0,0,0,0,0,0,0,0,0,0,0,0,0,0,0,0;
Funny, the right only seems to say this about women and people of color 🤔🤔🤔,ed5c74n,Deggyy,SelfAwarewolves,t3_ac49xs,t3_ac49xs,1546522056.0,37,False,0,1,0,0,0,0,0,0,0,0,0,0,0,0,0,0,0,0,0,0,0,0,0,0,0,0,0,0;
Great! Can't wait :),efa14tb,mcfw31,greysanatomy,t3_al1xhh,t1_efa0m4f,1548783565.0,26,False,0,0,0,0,0,0,0,0,0,0,0,0,0,1,0,0,0,0,0,0,0,0,0,0,0,0,0,0;
I can't believe he got it while getting man-handled by two players!!,edfr03d,Notalegendgold,EdmontonOilers,t3_ad6csz,t1_edfqt95,1546825399.0,26,False,0,0,0,0,0,0,0,0,0,1,0,0,0,0,0,0,0,0,0,0,0,0,0,0,0,0,0,0;
I have already, what's your point? ,ef43tu2,reedemerofsouls,socialism,t3_aj7rrm,t1_ef32mbt,1548610748.0,41,False,0,0,0,0,0,0,0,0,0,0,0,0,0,0,0,0,0,0,0,0,0,0,0,0,0,0,0,1;
[NAME] just needs to split it up more resting him earlier,edf9ckc,cowboy2223,timberwolves,t3_ad97ib,t1_edf946g,1546814349.0,26,False,0,0,0,0,0,0,0,0,0,0,0,0,0,0,0,0,0,0,0,0,0,0,0,0,0,0,0,1;
He’s been going to a restaurant for 40 years and forgot what it looked like and where it was.. uh huh.,eeaa4kh,SANTAAAA__I_know_him,TalesFromYourServer,t3_agurl0,t1_ee9abv3,1547745638.0,56,False,0,0,0,0,0,0,0,0,0,0,0,0,1,0,0,0,0,0,0,0,0,0,0,0,0,0,0,0;
Cant wait to hear a hot take from the second dumbest people who ever loved ([NAME] ots the first if you are asking),eer34h9,AliasZ50,samharris,t3_aiwc1y,t3_aiwc1y,1548226202.0,8,False,0,0,0,0,0,0,0,0,0,0,0,0,0,1,0,0,0,0,0,0,0,0,0,0,0,0,0,0;
Umm... I do it everyday since I was 13 and I’m fine... could be just me...,eeyl9cr,thatboyjohnisback,TheWalkingDeadGame,t3_ajr2z0,t1_eeyikka,1548449488.0,81,False,0,0,0,0,0,0,0,0,0,0,0,0,0,0,0,0,0,0,0,0,0,0,0,0,0,0,0,1;
Because [NAME] had a foot injury that I think he sustained at practice for the second half of the year.,ed3gjwv,BeDoubleYou,Browns,t3_abpstu,t1_ed3a718,1546456850.0,74,False,0,0,0,0,0,1,0,0,0,0,0,0,0,0,0,0,0,0,0,0,0,0,0,0,0,0,0,0;
Yeah, I read that the first time. Nobody is forcing you, other than yourself.,edkb7em,blasterhimen,TooAfraidToAsk,t3_acfkwg,t1_edj4lqt,1546960404.0,52,False,0,0,0,0,0,0,0,0,0,0,0,0,0,0,0,0,0,0,0,0,0,0,1,0,0,0,0,0;
yo STOP going on your roof on dxm man you don't want to fall and hurt yourself,edmbu45,Throwaway9987612,dxm,t3_ae4fub,t1_edmb590,1547019362.0,52,False,0,0,0,0,0,1,0,0,0,0,0,0,0,0,0,0,0,0,0,0,0,0,0,0,0,0,0,0;
Then YOU go right ahead...support and guide him.,eeceseo,liteskinnedbeauty,dating,t3_ah8wg9,t1_eeceoqj,1547807554.0,29,False,0,0,0,0,1,0,0,0,0,0,0,0,0,0,0,0,0,0,0,0,0,0,0,0,0,0,0,0;
Lmao you fart bigger to cover up the first one,eebqpmj,ctwise12,TooAfraidToAsk,t3_ah2jkr,t1_eebpijm,1547781543.0,46,False,0,1,0,0,0,0,0,0,0,0,0,0,0,0,0,0,0,0,0,0,0,0,0,0,0,0,0,0;
KILLING IN THE NAME OF,eeffwuy,Chris-Strummer,sydney,t3_ahjpd1,t1_eef7vwx,1547892974.0,26,False,0,0,0,0,0,0,0,0,0,0,0,0,0,0,0,0,0,0,0,0,0,0,0,0,0,0,0,1;
Lol. Build your own or make some tweaks to the printer.,eenji2u,Lepreco-Inc,progun,t3_aier3m,t1_eenapev,1548114155.0,6,False,0,0,1,0,0,0,0,0,0,0,0,0,0,0,0,0,0,0,0,0,0,0,0,0,0,0,0,0;
I've never seen him play so hard on defense. This feels different this time is all I'm saying...,edned0s,LudwigVanBlunts,timberwolves,t3_ae7s4g,t1_edne5qi,1547056902.0,23,False,0,0,0,0,0,0,0,0,0,1,0,0,0,0,0,0,0,0,0,0,0,0,0,0,0,0,0,0;
This is r/tifu. If you're not caught jacking it into the turkey, you're doing it wrong. ,ee22ejo,MadDogA245,tifu,t3_afnaqg,t3_afnaqg,1547485403.0,29,False,0,1,0,0,0,0,0,0,0,0,0,0,0,0,0,0,0,0,0,0,0,0,0,0,0,0,0,0;
Got it! Thank you!,ed8i1ws,addvalue2222,JordanPeterson,t3_acjcnt,t3_acjcnt,1546621166.0,52,False,0,0,0,0,0,0,0,0,0,0,0,0,0,0,0,1,0,0,0,0,0,0,0,0,0,0,0,0;
[NAME] the people must be warned.,eezjjxq,Not_Without_My_Balls,texas,t3_ajwj2k,t1_eezjbay,1548474330.0,23,False,0,0,0,0,0,0,0,0,0,0,0,0,0,0,0,0,0,0,0,0,0,0,0,0,0,0,0,1;
So using your figures here we make £12 billion in tax from the EU company's selling in to the uk. We save a further £9billion on fees to the EU,ed5fkjx,jester-01,brexit,t3_abwhac,t1_ed59cnw,1546525206.0,74,False,0,0,0,0,1,0,0,0,0,0,0,0,0,0,0,0,0,0,0,0,0,0,0,0,0,0,0,0;
Gotta eliminate the competition. It's Just Good Business.,effxy6e,skodperson,WayOfTheBern,t3_alms9w,t1_effv6qw,1548945032.0,20,False,0,0,0,0,0,0,0,0,0,0,0,0,0,0,0,0,0,0,0,0,1,0,0,0,0,0,0,0;
Lol I hate this too!,eet8raz,Fluorescence,intj,t3_aj5295,t1_eet7vqv,1548294204.0,4,False,0,1,0,0,0,0,0,0,0,0,0,0,0,0,0,0,0,0,0,0,0,0,0,0,0,0,0,0;
Ones with close ties to SA, anyway. An escaped apostate won't exactly be itching to run home.,ee0rszt,semysane,onguardforthee,t3_afmn0w,t1_ee0f21a,1547431425.0,3,False,0,0,0,0,0,0,0,0,0,0,1,0,0,0,0,0,0,0,0,0,0,0,0,0,0,0,0,0;
how does asperger feel like,ed73m7e,khamulscience,SuicideWatch,t3_ac0jp6,t3_ac0jp6,1546570087.0,4,False,0,0,0,0,0,0,0,1,0,0,0,0,0,0,0,0,0,0,0,0,0,0,0,0,0,0,0,0;
You're welcome :),efh5ctb,Leaderofmen,ireland,t3_alsrpe,t1_efh58b4,1548972573.0,61,False,0,0,0,0,0,0,0,0,0,0,0,0,0,0,0,0,0,0,0,0,1,0,0,0,0,0,0,0;
I'd watch it without a doubt. I'm especially interested in the different Tracer playstyles, because the only one I know is dive.,eeebytb,falconfetus8,OverwatchUniversity,t3_ahelu6,t3_ahelu6,1547855774.0,33,False,0,0,0,0,0,0,0,0,0,0,0,0,0,0,0,0,0,0,0,0,0,0,0,0,0,0,0,1;
I really like this ring so I’m glad to hear that.,eeuenby,harveysteeze,askwomenadvice,t3_aj7lfa,t1_eeua19g,1548339524.0,16,False,0,0,0,0,0,0,0,0,0,0,0,0,0,0,0,0,0,1,0,0,0,0,0,0,0,0,0,0;
The [NAME] are all laughing at each other. They are divided. We need to strike them down while they are weak.,eeycgit,ProfessorPlans,ChoosingBeggars,t3_ajnpeb,t1_eexn4fc,1548444188.0,1,False,0,0,0,0,0,0,0,0,0,0,0,0,0,0,0,0,0,1,0,0,0,0,0,0,0,0,0,0;
Allow me to describe the shock and awe I experienced seeing this: **Fuck no why u do this?**,edi1f92,UnbornCletus,danganronpa,t3_adlek7,t3_adlek7,1546891249.0,24,False,0,0,1,0,0,0,0,0,0,0,0,0,0,0,0,0,0,0,0,0,0,0,0,0,0,0,0,0;
Integrated, Antwaarps speaking, second generation, not already wearing a scarf back then... unlikely. ,eepltiz,[deleted],belgium,t3_ai8u8j,t1_eem1uan,1548184008.0,34,False,0,0,0,0,0,0,0,0,0,0,0,1,0,0,0,0,0,0,0,0,0,0,0,0,0,0,0,0;
Rahway Mechanical LLC should be able to. Great guy,eepbfcd,waynetables,newjersey,t3_aihen0,t3_aihen0,1548176800.0,39,False,0,0,0,0,0,0,0,0,0,0,0,0,0,0,0,1,0,0,0,0,0,0,0,0,0,0,0,0;
Be careful with the Washington Times. It's not exactly the Washington Post.,edbdtxe,jricher42,trees,t3_acvk96,t3_acvk96,1546712112.0,22,False,0,0,0,0,0,0,0,0,0,0,0,0,0,0,0,0,0,0,0,0,0,0,0,0,0,0,0,1;
Ending the quarter with some point [NAME] action, I love it ,edol72z,andrew2018022,OrlandoMagic,t3_aecl5x,t3_aecl5x,1547087822.0,51,False,0,0,0,0,0,0,0,0,0,0,0,0,0,0,0,0,0,0,1,0,0,0,0,0,0,0,0,0;
Also Republicanism is a belief system. It's taught and handed down like religion. Conservative talk radio is its evangelism.,ed386ft,icansmellcolors,The_Mueller,t3_abtst2,t1_ed35b5a,1546450723.0,61,False,0,0,0,0,1,0,0,0,0,0,0,0,0,0,0,0,0,0,0,0,0,0,0,0,0,0,0,0;
his traps hide the fucking sun.,ee8jd5h,JinnDante,nattyorjuice,t3_aee3wx,t3_aee3wx,1547684775.0,67,False,0,0,1,0,0,0,0,0,0,0,0,0,0,0,0,0,0,0,0,0,0,0,0,0,0,0,0,0;
Only thing TO know is that this motherfucker is obviously living his best birdy life and good for him. Fly high little buddy, fly high. ,edm1wb0,Ganjidog,NewOrleans,t3_ae2dbl,t1_edm15s1,1547007743.0,76,False,0,0,1,0,0,0,0,0,0,0,0,0,0,0,0,0,0,0,0,0,0,0,0,0,0,0,0,0;
I love this sub reddit 😍😂,ee55r8y,babytheresnoplane,vanderpumprules,t3_agb40z,t1_ee50yvt,1547582114.0,72,False,0,0,0,0,0,0,0,0,0,0,0,0,0,0,0,0,0,0,1,0,0,0,0,0,0,0,0,0;
>fail at reading comprehension >Other guy must be a troll ¯_(ツ)_/¯,edx1l7z,youranidiot-,Competitiveoverwatch,t3_af4biv,t1_edx188d,1547323657.0,15,False,0,0,0,0,0,0,0,0,0,0,0,1,0,0,0,0,0,0,0,0,0,0,0,0,0,0,0,0;
The possibilities are fascinating. In other times, I'd be enjoying watching the lawyers argue...!,eejmyk3,SKZCartoons,LabourUK,t3_ahvmb0,t1_eejleas,1548003250.0,9,False,1,0,0,0,0,0,0,0,0,0,0,0,0,0,0,0,0,1,0,0,0,0,0,0,0,0,0,0;
is a recent article interesting read.,edb8opj,mydoghasscheiflies,MakingaMurderer,t3_abwebg,t1_edabpkv,1546708876.0,36,False,0,0,0,0,0,0,0,0,0,0,0,0,0,0,0,0,0,0,0,0,0,0,0,0,0,0,0,1;
I found that after particularly bad games I feel the “need” to smoke more weed, like a cigarette after a carcrash IMO,efbs9wp,CertifiedAsshole17,OverwatchUniversity,t3_al0rzk,t1_efbc0q7,1548820292.0,50,False,0,0,0,0,0,0,0,0,0,0,0,0,0,0,0,0,0,0,1,0,0,0,0,0,0,0,0,0;
Sure but what are you basing that off of? If [NAME] is the best jump-ball receiver, wouldn't that make him the best red zone receiver?,edcxqvm,amd77767,49ers,t3_acy1w3,t1_edcwhqn,1546750149.0,55,False,0,0,0,0,0,0,1,0,0,0,0,0,0,0,0,0,0,0,0,0,0,0,0,0,0,0,0,0;
...by the same person even,ed6vs5p,justanotherindiedev,KotakuInAction,t3_accfp9,t1_ed6vjgb,1546563616.0,46,False,0,0,0,0,0,0,0,0,0,0,0,0,0,0,0,0,0,0,0,0,0,0,0,0,0,0,0,1;
I don’t think they really thought through the ramifications of putting a bunch of angry women through rigorous physical exercise with weapons. That uprising would be glorious!,edf48c4,LustfulGumby,IncelTears,t3_ad2mss,t3_ad2mss,1546811521.0,52,False,1,0,0,0,0,0,0,0,0,0,0,0,0,0,0,0,0,0,0,0,0,0,0,0,0,0,0,0;
Sorry just seemed like you were trying to make it a [NAME] thing,ee5a1h5,bgoldgrab,NYKnicks,t3_aga15j,t1_ee59qfx,1547585041.0,62,False,0,0,0,0,0,0,0,0,0,1,0,0,0,0,0,0,0,0,0,0,0,0,0,0,1,0,0,0;
Iq designed by the military to see who would be the best pencil pusher subordinates,edz6of7,peanutzman,INTP,t3_afgj13,t3_afgj13,1547391937.0,36,False,0,0,0,0,0,0,0,0,0,0,0,0,0,0,0,0,0,0,0,0,0,0,0,0,0,0,0,1;
People who hate [NAME] really really hate him. It’s quite fascinating.,efewou8,Kamit2shoes,sabres,t3_alkipk,t3_alkipk,1548905842.0,2,False,0,0,0,0,0,0,0,0,0,0,0,0,0,0,0,0,0,0,0,0,0,0,0,0,0,0,1,0;
RTD lines are free in Denver tonight. Stay safe.,eczta2u,hellno_ahole,LifeProTips,t3_abcgf6,t3_abcgf6,1546318789.0,24,False,0,0,0,0,0,0,0,0,0,0,0,0,0,0,0,0,0,0,0,0,0,0,0,0,0,0,0,1;
It's a tool that idiots install so they can tag users who post in subreddits they disagree with and immediately discount or attack said users,ef9c6cj,Ginger-saurus-rex,saltierthancrait,t3_akukgo,t1_ef97ywf,1548768576.0,20,False,0,0,0,0,0,0,0,0,0,0,0,0,0,0,0,0,0,0,0,0,0,0,0,0,0,0,0,1;
"Without fail saying ""moist panties"" makes every woman cringe.,efcx17l,PaleWolf,DoesAnybodyElse,t3_al9w7c,t1_efcqn0v,1548857654.0,24,False,0,0,0,0,0,0,0,0,0,0,0,0,0,0,0,0,0,0,0,0,0,0,0,0,0,0,0,1";
Terrifyingly accurate bot,eeydz3t,loptopandbingo,DunderMifflin,t3_ajr21o,t1_eey3hhv,1548445047.0,51,False,1,0,0,0,0,0,0,0,0,0,0,0,0,0,0,0,0,0,0,0,0,0,0,0,0,0,0,0;
This is the most pleasant debate I’ve ever had on reddit. Also, $nah$,eesf28l,Misterfahrenheit120,Libertarian,t3_aj3fod,t1_eesetqv,1548273111.0,33,False,0,0,0,0,0,0,0,0,0,0,0,0,0,0,0,0,0,0,0,0,0,0,0,0,0,0,0,1;
If you're in the Bay Area check out Flying Over Walls.,eec69r6,qrx53,Anarchism,t3_ah1he2,t1_eebtd9e,1547795999.0,12,False,0,1,0,0,0,0,0,0,0,0,0,0,0,0,0,0,0,0,0,0,0,0,0,0,0,0,0,0;
We all lose it too fast from time to time...but you have to make up for it. Hope it gets better.,efh96im,SmartLikeBull,Marriage,t3_alj6gx,t1_efh8kvz,1548975283.0,46,False,0,0,0,0,0,0,0,0,0,0,0,0,0,0,0,0,0,0,0,0,1,0,0,0,0,0,0,0;
What's that like? Like what's the thought process? I dunno. I know what's a weird question..i just can't imagine,ed8llym,Boobisboobbackwards,cringepics,t3_ace77m,t1_ed8aqcw,1546623363.0,6,False,0,0,0,0,0,0,0,0,0,0,0,0,0,0,0,0,0,0,0,0,0,0,0,0,0,0,0,1;
I feel like I saw this literally last week, these reposts are getting adventurous lads ,ee5qu16,Commoncop,Jokes,t3_agemzs,t3_agemzs,1547597290.0,20,False,0,0,0,0,0,0,0,0,0,0,0,0,0,0,0,0,0,0,0,0,0,0,0,0,0,0,0,1;
Thank you for your open mind. Stay strong, fight the good fight, and stay educated.,eeliqq8,captain-wonderful,TooAfraidToAsk,t3_ai6f2b,t1_eelinwi,1548045946.0,42,False,0,0,0,0,0,1,0,0,0,0,0,0,0,0,0,1,0,0,0,0,0,0,0,0,0,0,0,0;
They’re looking at her like they wish they’d ordered her instead.,ee6yjv1,AestheticAttraction,WeWantPlates,t3_agjkxz,t3_agjkxz,1547646717.0,76,False,0,0,0,0,0,0,0,0,0,0,0,0,0,0,0,0,0,0,0,0,0,0,0,0,0,0,0,1;
This is why you play runescape as a kid, it teaches how to trust no one that offers free rune plate trimming,ef8t8wr,TheOGBombfish,KidsAreFuckingStupid,t3_akvkei,t1_ef8fzid,1548747799.0,7,False,0,0,0,0,0,0,0,1,0,0,0,0,0,0,0,0,0,0,0,0,0,0,1,0,0,0,0,0;
[NAME] lol. I eat what I want.,ef1dtv6,hawaiifive0h,entertainment,t3_ak0h3v,t3_ak0h3v,1548532521.0,24,False,0,0,0,0,0,0,0,0,0,0,0,0,0,0,0,0,0,0,0,0,0,0,0,0,0,0,0,1;
Thank you. People always forget that The Happiest Days of Our Lives is essentially part of that song.,ee9rlt1,ActivatedComplex,Teachers,t3_agr4xb,t1_ee8rsd7,1547732119.0,40,False,0,0,0,0,0,0,0,0,0,0,0,0,0,0,0,1,0,0,0,0,0,0,0,0,0,0,0,0;
Drunk and crying in bed with my pets. :|,edv976f,hydrohamster,depression,t3_af370a,t3_af370a,1547267595.0,49,False,0,0,0,0,0,0,0,0,0,0,0,0,0,0,0,0,1,0,0,0,0,0,0,0,0,0,0,0;
Especially with the way they got rid of him... no real fanfare at all...,eecb1uv,Rymann88,assassinscreed,t3_agvyu9,t1_eeavxr2,1547802609.0,26,False,0,0,0,0,0,0,0,0,0,0,0,0,0,1,0,0,0,0,0,0,0,0,0,0,0,0,0,0;
I unfortunately can not afford a lawyer. Luckily the only thing that we shared is our daughter,ed0rtl7,Renissancelady,Divorce,t3_abjqns,t1_ed0rm5b,1546363695.0,12,True,0,0,0,0,0,0,0,0,0,0,0,0,0,0,0,0,0,0,0,0,0,0,0,0,0,0,0,0;
I just heal and when we start to do bad day its my fault taking blame off of our flanks and frontlines,eea1w8n,Fireborn37,Paladins,t3_agwkk7,t3_agwkk7,1547740192.0,81,False,0,0,0,0,0,0,0,0,0,0,0,0,0,0,0,0,0,0,0,0,0,0,0,0,0,0,0,1;
So basically nowhere near the consensus required for a united Ireland. If a no-deal Brexit happens we can see.,edht70z,carlmango11,ireland,t3_ad8i8v,t1_edgorzc,1546886843.0,27,False,0,0,0,0,0,0,0,0,0,0,0,0,0,0,0,0,0,0,0,0,0,0,0,0,0,0,0,1;
So wrong. Most every denomination believes they are the only ones who are doing it right and everyone else is going to rot in hell.,eef3ux3,MyLittleGrowRoom,OutOfTheLoop,t3_ahg6b5,t1_eeeyk03,1547878700.0,19,False,0,0,0,1,0,0,0,0,0,0,1,0,0,0,0,0,0,0,0,0,0,0,0,0,0,0,0,0;
Just got back from TWC, and they were great! Thank you. 90% they were fried. Will try these others next ,eeeybmj,jesse-stewart,SaltLakeCity,t3_ahgpm6,t3_ahgpm6,1547873680.0,67,False,0,0,0,0,0,0,0,0,0,0,0,0,0,0,0,1,0,0,0,0,0,0,0,0,0,0,0,0;
